id,res
0,0.677456319777
1,0.637404278153
2,0.763758853104
3,0.736517229141
4,0.522679864781
5,0.764692671286
6,0.199406326106
7,0.704286481146
8,0.783838390388
9,0.808390934069
10,0.490212631378
11,0.884649225019
12,0.764067955356
13,0.812620208431
14,0.75970656068
15,0.791298886243
16,0.631787637719
17,0.785594238595
18,0.567616658796
19,0.817430789845
20,0.771641208303
21,0.833875908923
22,0.652354391872
23,0.757833357533
24,0.790231107574
25,0.766551982596
26,0.708504717692
27,0.722976354353
28,0.505601790498
29,0.798490838499
30,0.814385170941
31,0.345951908601
32,0.229802150311
33,0.754061801832
34,0.846096318374
35,0.893879784361
36,0.359982755835
37,0.729384052965
38,0.262852762052
39,0.807852389777
40,0.738510190359
41,0.870145900214
42,0.62173420659
43,0.645921095331
44,0.360013257561
45,0.665411826564
46,0.807431162722
47,0.752270704086
48,0.724338359356
49,0.699588602526
50,0.634549669847
51,0.725692849509
52,0.545483189163
53,0.825889266637
54,0.683302436556
55,0.514549681658
56,0.746594317306
57,0.736524552788
58,0.744813988265
59,0.835576232734
60,0.725066922349
61,0.601311416744
62,0.760813587193
63,0.758146390762
64,0.784191141024
65,0.388634569579
66,0.839723663697
67,0.645625010014
68,0.784410882552
69,0.524651721521
70,0.584316168763
71,0.728469330945
72,0.657310031922
73,0.764547710218
74,0.767263781654
75,0.819755857256
76,0.683312104576
77,0.778021761126
78,0.828031384885
79,0.699475417111
80,0.774642560738
81,0.419272530986
82,0.674103269172
83,0.722184951662
84,0.576857075851
85,0.765367543177
86,0.831724429922
87,0.637815150116
88,0.794807512512
89,0.7718926003
90,0.72953227498
91,0.814890671746
92,0.742313886783
93,0.479488234724
94,0.571784269028
95,0.519965361566
96,0.582275123251
97,0.811624648253
98,0.709135095213
99,0.509895871999
100,0.82514135075
101,0.677069150534
102,0.816412757274
103,0.818900503913
104,0.83602927715
105,0.675507077406
106,0.77204647868
107,0.559081871104
108,0.813271968579
109,0.676269726365
110,0.440268779119
111,0.443877694566
112,0.393628797753
113,0.436625540299
114,0.780777449285
115,0.445861226618
116,0.732063876453
117,0.754995610473
118,0.817235956905
119,0.681568459293
120,0.712059428871
121,0.816347767387
122,0.859860859909
123,0.766165923975
124,0.768218245729
125,0.390415655106
126,0.705522691223
127,0.74426852512
128,0.837915533437
129,0.75372266864
130,0.585407771316
131,0.861272949835
132,0.733011598912
133,0.756522268153
134,0.789087817786
135,0.584221301065
136,0.405107241827
137,0.802499989525
138,0.322297578834
139,0.780781463047
140,0.779396263315
141,0.784829892983
142,0.561921704852
143,0.710204899461
144,0.446538428681
145,0.544694194113
146,0.845173810706
147,0.688870002526
148,0.685422255873
149,0.833206685998
150,0.701534715286
151,0.588546937717
152,0.700699813268
153,0.622136683451
154,0.595528904004
155,0.793958960122
156,0.774475422346
157,0.673363166132
158,0.724738420487
159,0.765137761404
160,0.761622912062
161,0.885907643629
162,0.755107237503
163,0.76058051389
164,0.678145617586
165,0.652105539337
166,0.749679835048
167,0.828737400083
168,0.497786626955
169,0.660347256156
170,0.714990017398
171,0.449999054739
172,0.39305326873
173,0.507152304376
174,0.817293506271
175,0.718095042166
176,0.613310068149
177,0.528509958309
178,0.727402297285
179,0.529888459466
180,0.554482458833
181,0.452931545159
182,0.740653686887
183,0.697506723905
184,0.679765224679
185,0.604848666041
186,0.693591827862
187,0.751571275154
188,0.770539187639
189,0.779020525957
190,0.767339660518
191,0.823199113876
192,0.645111297974
193,0.778495879733
194,0.740237298082
195,0.713606286558
196,0.829907859458
197,0.585267663087
198,0.765662778525
199,0.841456014442
200,0.687245841052
201,0.383722242976
202,0.701149771949
203,0.825970299762
204,0.721446892564
205,0.716523681196
206,0.542910033408
207,0.838228850371
208,0.503819106598
209,0.750696423677
210,0.679586289746
211,0.554830165394
212,0.843713552547
213,0.79363616183
214,0.758882893773
215,0.806936264673
216,0.78110010788
217,0.797978346374
218,0.815844369317
219,0.521232840564
220,0.696194683862
221,0.637657916348
222,0.759894982821
223,0.3588077218
224,0.699416047269
225,0.635112314366
226,0.72019402183
227,0.719931297628
228,0.864033322546
229,0.787999314626
230,0.349661476518
231,0.644839591186
232,0.817678823647
233,0.471503221172
234,0.772728202055
235,0.387320401981
236,0.733423874726
237,0.729906869202
238,0.828276610147
239,0.880169714672
240,0.692536687219
241,0.694748955538
242,0.598067653316
243,0.783927933255
244,0.428920926646
245,0.73160582096
246,0.807755954762
247,0.638022379792
248,0.70069719537
249,0.762515483066
250,0.782345668212
251,0.734534848591
252,0.308630845635
253,0.723555745365
254,0.688637036315
255,0.800806283648
256,0.794022125935
257,0.738099696172
258,0.861613919229
259,0.691754929806
260,0.519072717159
261,0.804369509388
262,0.747482091615
263,0.754329225631
264,0.366726288501
265,0.587341395743
266,0.702835884929
267,0.708299482337
268,0.762146643982
269,0.594649240761
270,0.357581168357
271,0.779222973579
272,0.798058957316
273,0.780482868656
274,0.538839040883
275,0.78574991633
276,0.732012061277
277,0.546440094793
278,0.79621046556
279,0.602511872617
280,0.825471201802
281,0.524537075272
282,0.702932099716
283,0.700804984994
284,0.661277838674
285,0.868198841293
286,0.66078159939
287,0.74286155161
288,0.704064603752
289,0.617961779083
290,0.657685605044
291,0.857578320437
292,0.782953368336
293,0.50165455546
294,0.501246657199
295,0.692195752832
296,0.749644358015
297,0.805837798509
298,0.765474028627
299,0.635606543139
300,0.616509467192
301,0.784954455773
302,0.7024995737
303,0.782662950582
304,0.811423265274
305,0.494829086232
306,0.403211724297
307,0.703385420174
308,0.796153097606
309,0.604237569593
310,0.673747867639
311,0.830944251128
312,0.562314198567
313,0.843182958267
314,0.763575763539
315,0.780421591367
316,0.829432508585
317,0.814600952503
318,0.684381421429
319,0.821988839442
320,0.571330544015
321,0.470676615363
322,0.721609752157
323,0.806665599249
324,0.358589762988
325,0.710654827556
326,0.750252566767
327,0.827215599467
328,0.776727758125
329,0.590639082416
330,0.679186301214
331,0.606407194674
332,0.755366259471
333,0.822793593845
334,0.713113366271
335,0.696296393761
336,0.777965599669
337,0.357709680033
338,0.600153877357
339,0.846338506558
340,0.779179901215
341,0.774342025949
342,0.817976144283
343,0.282448321779
344,0.77325787857
345,0.509188834634
346,0.608003910143
347,0.587382024744
348,0.799043575605
349,0.268356646695
350,0.725300439222
351,0.795482103525
352,0.764921906807
353,0.654822128792
354,0.757107036846
355,0.807674214272
356,0.457769235572
357,0.81198598351
358,0.765590766812
359,0.700556033791
360,0.696236226941
361,0.836555660515
362,0.809236754639
363,0.752580743836
364,0.717256939057
365,0.849198981316
366,0.829316689129
367,0.455753063503
368,0.749858850707
369,0.593201334887
370,0.819531011864
371,0.302654132014
372,0.827725661905
373,0.742548877295
374,0.847054631785
375,0.668449572093
376,0.732816476667
377,0.73717462268
378,0.524700840809
379,0.434740497088
380,0.216493960046
381,0.615656246615
382,0.810172175089
383,0.636763245693
384,0.627167157876
385,0.361792138759
386,0.628037900668
387,0.772173290273
388,0.410704119706
389,0.444663013277
390,0.7582158994
391,0.551008045392
392,0.758927047602
393,0.677088576117
394,0.699015572894
395,0.683682907435
396,0.789209812964
397,0.749442678204
398,0.73577186424
399,0.699375777304
400,0.455512567819
401,0.840923330291
402,0.817448021756
403,0.285315721971
404,0.680110561262
405,0.698534389042
406,0.780127995806
407,0.409665646204
408,0.343525729158
409,0.742574413569
410,0.77139038306
411,0.639109793576
412,0.575006861308
413,0.719526741245
414,0.710584843133
415,0.772784594366
416,0.764966347501
417,0.735747329589
418,0.850949044416
419,0.609931857274
420,0.719135568809
421,0.743299248289
422,0.698672737966
423,0.800753773085
424,0.689115710363
425,0.751223572933
426,0.745951915697
427,0.623625655739
428,0.76741268918
429,0.762553235979
430,0.83647750493
431,0.28924266062
432,0.758980296101
433,0.778397687873
434,0.659872208753
435,0.800697708475
436,0.517866911926
437,0.751820292776
438,0.618048224983
439,0.611929867212
440,0.794357872706
441,0.58845154587
442,0.673890350606
443,0.605306720539
444,0.151650868143
445,0.800854030545
446,0.849058060044
447,0.550192455547
448,0.782801431795
449,0.763766656246
450,0.774663218181
451,0.722803862906
452,0.232204023988
453,0.628897306498
454,0.669356980468
455,0.774789476551
456,0.410096441589
457,0.652861766199
458,0.765848585565
459,0.845972561874
460,0.736105279316
461,0.736783512092
462,0.738153222484
463,0.662647903264
464,0.8186384632
465,0.594442994052
466,0.824986724513
467,0.726455856588
468,0.50639271105
469,0.436152035162
470,0.46238602124
471,0.79352604076
472,0.815906239194
473,0.393291511023
474,0.669752596548
475,0.711134266546
476,0.197196093418
477,0.732282003347
478,0.680873916297
479,0.820123805108
480,0.854338170708
481,0.791049475561
482,0.708217398814
483,0.83061586651
484,0.715504824582
485,0.721456133549
486,0.796272010683
487,0.624816599128
488,0.821000369116
489,0.822711958228
490,0.778287750774
491,0.486584898583
492,0.73304938158
493,0.831641662247
494,0.583497353074
495,0.544497002209
496,0.786126593274
497,0.662499151743
498,0.6533778793
499,0.760906052816
500,0.616533502357
501,0.857371399815
502,0.718110899454
503,0.766025647123
504,0.540002788672
505,0.837754525686
506,0.75189143656
507,0.650849706058
508,0.488616854408
509,0.803580316873
510,0.458172809362
511,0.532915075424
512,0.663996223465
513,0.697760868365
514,0.796504579459
515,0.71251976033
516,0.785274006659
517,0.573105893198
518,0.694270204954
519,0.172334762695
520,0.775171661379
521,0.811198535459
522,0.79346795213
523,0.416235012391
524,0.802813063109
525,0.379699785505
526,0.797359542189
527,0.827866722484
528,0.753434278492
529,0.81344027687
530,0.780978177428
531,0.818139239441
532,0.793996677993
533,0.729681105729
534,0.707460281789
535,0.789466977853
536,0.770773424275
537,0.766249794531
538,0.640369227857
539,0.727486263075
540,0.809996251703
541,0.159600341645
542,0.625750102796
543,0.797354449181
544,0.773662073229
545,0.702380339347
546,0.765927026423
547,0.587015897133
548,0.552193151566
549,0.80257749077
550,0.74366570959
551,0.807118229343
552,0.761876220079
553,0.807667990429
554,0.814732389013
555,0.659591942704
556,0.802416407393
557,0.618823222794
558,0.698675535967
559,0.749106982966
560,0.752179984122
561,0.843158735184
562,0.768227783579
563,0.737670368776
564,0.869381950926
565,0.625155474552
566,0.24550031405
567,0.694264900422
568,0.766250285713
569,0.658923530536
570,0.767118505814
571,0.708011034338
572,0.728607677758
573,0.742624980593
574,0.75775035615
575,0.764738990559
576,0.678540483938
577,0.761804439525
578,0.49171226655
579,0.583408922081
580,0.742377809258
581,0.724995584389
582,0.287780069079
583,0.771430670986
584,0.639906352447
585,0.700265527325
586,0.801856072702
587,0.235466192107
588,0.818892052785
589,0.80438650618
590,0.681884428444
591,0.673422345217
592,0.546409011279
593,0.75551819626
594,0.692720902914
595,0.630672983077
596,0.79329833856
597,0.608058258084
598,0.679841104129
599,0.549294916478
600,0.699098372984
601,0.492199154243
602,0.741454112094
603,0.871899584175
604,0.778824405915
605,0.679905300262
606,0.566413171467
607,0.79241352131
608,0.773533489367
609,0.670651666286
610,0.647900928948
611,0.493868170897
612,0.666787496448
613,0.629753860739
614,0.699695162835
615,0.834581942614
616,0.820577774397
617,0.741007820922
618,0.266620629369
619,0.540838526168
620,0.442310308973
621,0.628621792305
622,0.856804048763
623,0.757100658269
624,0.72531048759
625,0.439453984572
626,0.735068061451
627,0.751236256184
628,0.827820239073
629,0.736042678549
630,0.617082233033
631,0.814103250371
632,0.828499812746
633,0.704963757356
634,0.834645987794
635,0.695886701259
636,0.808039037818
637,0.763222135199
638,0.81621400461
639,0.739225312534
640,0.698836120374
641,0.541302384778
642,0.76859000351
643,0.758594089525
644,0.725035492745
645,0.829685490607
646,0.762228058867
647,0.830655988716
648,0.692284444181
649,0.853198869085
650,0.742783612496
651,0.358543677979
652,0.667975517815
653,0.865952853448
654,0.680152511981
655,0.74626687908
656,0.779386969892
657,0.805752737006
658,0.771054509315
659,0.622231166956
660,0.604480075518
661,0.582790963413
662,0.764626127755
663,0.582102128295
664,0.771179318449
665,0.769857647463
666,0.640169207616
667,0.710098081699
668,0.739086316051
669,0.705027708704
670,0.738801693092
671,0.824279632847
672,0.737203976031
673,0.836708339868
674,0.771001794181
675,0.715454369956
676,0.749738254735
677,0.728887591905
678,0.18627210313
679,0.775361398269
680,0.774018445973
681,0.563914351671
682,0.786261500396
683,0.599140035358
684,0.743018472094
685,0.798039790981
686,0.779938852627
687,0.383946922261
688,0.431027000911
689,0.788954327911
690,0.753865619421
691,0.751020540373
692,0.689775469695
693,0.424746371371
694,0.719336536654
695,0.732574200251
696,0.855507806254
697,0.620633165417
698,0.731748201785
699,0.679623329205
700,0.690788544065
701,0.805171167712
702,0.537602198393
703,0.513918597017
704,0.809190312286
705,0.796788306346
706,0.751694776537
707,0.349700297024
708,0.740144003979
709,0.811814630168
710,0.595242168908
711,0.67923522818
712,0.86026925073
713,0.684287491679
714,0.837108852645
715,0.770746147888
716,0.636258214475
717,0.693956899277
718,0.459208031731
719,0.804261094601
720,0.819069306371
721,0.56810138436
722,0.773006281246
723,0.829113840734
724,0.803510539401
725,0.800611665236
726,0.679885003827
727,0.604324743039
728,0.714206168882
729,0.456596830261
730,0.407694141051
731,0.666299679355
732,0.614834848663
733,0.538152331081
734,0.762939267656
735,0.777570989429
736,0.752305150057
737,0.677253963144
738,0.726979934977
739,0.470258393017
740,0.634959956379
741,0.801381382056
742,0.642076153875
743,0.672068081577
744,0.751970750606
745,0.68683098095
746,0.616135392029
747,0.815109792863
748,0.704712384561
749,0.834858953136
750,0.81047997195
751,0.738496422665
752,0.625611918944
753,0.799780147862
754,0.703766852618
755,0.616477324201
756,0.80845612398
757,0.808879509284
758,0.658631440759
759,0.634838893469
760,0.761152867991
761,0.66798363316
762,0.705251936088
763,0.850568704906
764,0.686094870638
765,0.721636862759
766,0.616968858706
767,0.514161738554
768,0.314403251983
769,0.554664424849
770,0.75900110584
771,0.563911251693
772,0.514178685035
773,0.311425083051
774,0.689342964978
775,0.839950497343
776,0.737829129663
777,0.611993359406
778,0.717098981776
779,0.791876928247
780,0.743727908992
781,0.668903013128
782,0.392514106243
783,0.831824487742
784,0.832445424694
785,0.751462435655
786,0.84768000457
787,0.82418542663
788,0.79621513826
789,0.769121008165
790,0.599669059162
791,0.316489109539
792,0.736748812517
793,0.327742963322
794,0.874948473772
795,0.737132754218
796,0.785440011458
797,0.729874665088
798,0.416736851558
799,0.704301501045
800,0.705321823614
801,0.680786502586
802,0.618901462246
803,0.540321712328
804,0.791674958182
805,0.710051780534
806,0.408863181778
807,0.780329771753
808,0.793436379709
809,0.708589080666
810,0.724359699604
811,0.758856687609
812,0.637092819055
813,0.805179337663
814,0.751527675772
815,0.877491761824
816,0.720070283189
817,0.660521818906
818,0.154686567166
819,0.781373678566
820,0.716436001933
821,0.596607626633
822,0.589120124076
823,0.716695308751
824,0.887960380837
825,0.723974215178
826,0.86668377277
827,0.73612781545
828,0.726389908294
829,0.706002371406
830,0.795239159721
831,0.75605922399
832,0.207408733177
833,0.781901410143
834,0.677366451801
835,0.729284634206
836,0.81512723237
837,0.56418281348
838,0.760156702293
839,0.793614636083
840,0.704144851642
841,0.699672139887
842,0.766474747091
843,0.67253491997
844,0.742744889802
845,0.654007081269
846,0.844897912135
847,0.723480054409
848,0.46761351061
849,0.489343490443
850,0.775509726147
851,0.823322790409
852,0.650100290719
853,0.757165308228
854,0.648890116824
855,0.681389712595
856,0.711729180259
857,0.733662158266
858,0.786387823212
859,0.592738528671
860,0.800486138232
861,0.808386760542
862,0.679939868644
863,0.7964583348
864,0.737969063545
865,0.74545943893
866,0.570635118067
867,0.818875613193
868,0.255180547941
869,0.779302533766
870,0.588165319568
871,0.713567103589
872,0.558563516504
873,0.845413195944
874,0.705356365076
875,0.352417564998
876,0.766308273585
877,0.587464240857
878,0.702547183415
879,0.57148377585
880,0.699875267552
881,0.616364411264
882,0.797869480289
883,0.695972287464
884,0.782045349996
885,0.818198892448
886,0.738167330582
887,0.702120698816
888,0.69455010054
889,0.810895093413
890,0.68976451951
891,0.756817368759
892,0.739892231266
893,0.803065089991
894,0.853877519314
895,0.776320302984
896,0.709095657602
897,0.814502535281
898,0.705371121226
899,0.532998727015
900,0.636065093381
901,0.816612708787
902,0.622883972
903,0.785229101725
904,0.626214969875
905,0.791777045622
906,0.836198689082
907,0.387882133273
908,0.664078799522
909,0.584380827408
910,0.817607399234
911,0.176508438884
912,0.696026707533
913,0.754579064645
914,0.468571603629
915,0.640996009981
916,0.82702872109
917,0.689935100076
918,0.753650815245
919,0.723147823153
920,0.697734549471
921,0.673955204785
922,0.712736551241
923,0.788034793936
924,0.466690905923
925,0.780689859133
926,0.654847067607
927,0.769800748524
928,0.724834475767
929,0.320728961614
930,0.776531328972
931,0.514049753905
932,0.729214115318
933,0.452007890047
934,0.782825621636
935,0.733620982403
936,0.76523529771
937,0.719382584354
938,0.72669597638
939,0.847542274057
940,0.606935596812
941,0.683066469314
942,0.659242390447
943,0.664181672916
944,0.800357099549
945,0.684221070072
946,0.840666190825
947,0.580435928117
948,0.322552807772
949,0.602531605849
950,0.706473475256
951,0.814278508833
952,0.687870637241
953,0.586716333057
954,0.618224909439
955,0.511203671417
956,0.262420136245
957,0.729591958957
958,0.59957592257
959,0.719792287575
960,0.774112482936
961,0.562422567228
962,0.612530108631
963,0.826068993287
964,0.770749310579
965,0.620050159671
966,0.649851288966
967,0.803795088523
968,0.676390422101
969,0.71218611907
970,0.707530509297
971,0.671963784296
972,0.77263970196
973,0.507682190849
974,0.762969915307
975,0.842202406324
976,0.774451040302
977,0.54167852895
978,0.825093656917
979,0.762831021993
980,0.658036873973
981,0.723330533243
982,0.673739070456
983,0.814003090251
984,0.546294047017
985,0.767642487121
986,0.701092779641
987,0.613503294848
988,0.639810367643
989,0.79745328002
990,0.738818944543
991,0.772052612621
992,0.731917906631
993,0.475149293888
994,0.612728056532
995,0.692010086573
996,0.458240655349
997,0.654334370771
998,0.642452260878
999,0.743744743505
1000,0.776956008977
1001,0.186707617369
1002,0.799434646037
1003,0.43378612948
1004,0.665362289617
1005,0.687530188819
1006,0.71776512131
1007,0.66611391222
1008,0.641381514203
1009,0.813111342129
1010,0.440689411941
1011,0.382569014338
1012,0.853675762128
1013,0.80708020188
1014,0.864136543463
1015,0.453226822535
1016,0.685609303172
1017,0.827854783271
1018,0.770858725246
1019,0.748324279569
1020,0.682217788292
1021,0.711128728261
1022,0.753918703638
1023,0.736327974985
1024,0.738939062249
1025,0.810787707131
1026,0.390882277616
1027,0.835639565547
1028,0.838986459941
1029,0.36068562015
1030,0.801043516311
1031,0.857633959481
1032,0.80677066785
1033,0.650241049646
1034,0.788103385059
1035,0.761566925816
1036,0.819705431204
1037,0.699713402358
1038,0.622353902342
1039,0.81390049288
1040,0.859075479015
1041,0.714900257489
1042,0.76595536886
1043,0.673064852556
1044,0.351279279008
1045,0.829405621534
1046,0.781249925951
1047,0.721789473601
1048,0.80510760181
1049,0.712775065025
1050,0.452702123002
1051,0.844238120118
1052,0.755939175151
1053,0.663504271266
1054,0.831326501165
1055,0.522635805121
1056,0.821242121961
1057,0.800413944075
1058,0.779641795651
1059,0.795961847563
1060,0.793546100072
1061,0.757675487916
1062,0.442438912899
1063,0.636199374081
1064,0.77244120111
1065,0.685620851184
1066,0.779701729497
1067,0.302099563043
1068,0.698964091499
1069,0.64588370415
1070,0.864579048786
1071,0.75919148692
1072,0.72094233119
1073,0.794980550997
1074,0.554812386113
1075,0.596374572794
1076,0.458166359727
1077,0.668141360771
1078,0.777763289359
1079,0.779397841254
1080,0.686972394577
1081,0.796725114732
1082,0.616128967929
1083,0.804556566677
1084,0.75595266795
1085,0.558351432523
1086,0.718125368417
1087,0.647970114962
1088,0.516399719612
1089,0.514469664036
1090,0.828090998119
1091,0.774406419584
1092,0.75300277858
1093,0.449876956793
1094,0.67428872254
1095,0.669776483841
1096,0.596422695472
1097,0.543841690577
1098,0.368789006911
1099,0.327014622482
1100,0.848599359334
1101,0.70966057274
1102,0.750200289724
1103,0.836846471962
1104,0.752478590809
1105,0.680133682766
1106,0.680895648595
1107,0.650495662033
1108,0.809937089345
1109,0.513626187378
1110,0.59114023267
1111,0.775920187755
1112,0.649800412527
1113,0.268507785758
1114,0.691123275684
1115,0.72422452201
1116,0.679925408398
1117,0.77150532527
1118,0.748767299674
1119,0.81648782456
1120,0.737841724066
1121,0.755586470957
1122,0.7203302842
1123,0.372556568078
1124,0.311985125307
1125,0.703568683902
1126,0.846838511148
1127,0.711605476552
1128,0.772723135818
1129,0.750422168631
1130,0.707486834718
1131,0.783202393499
1132,0.739893341077
1133,0.703890441703
1134,0.3265614241
1135,0.840993493314
1136,0.725389661408
1137,0.686351692704
1138,0.694765502609
1139,0.718981459012
1140,0.175388325502
1141,0.800880964278
1142,0.708488843817
1143,0.81200370471
1144,0.752393344677
1145,0.673513233705
1146,0.708743016272
1147,0.752739611502
1148,0.704687852624
1149,0.788143851633
1150,0.788097829492
1151,0.796797155244
1152,0.68929038266
1153,0.523794318119
1154,0.814929412921
1155,0.78494089637
1156,0.763963363011
1157,0.572279120522
1158,0.687159385858
1159,0.73965789557
1160,0.635666364761
1161,0.759034600172
1162,0.640796219902
1163,0.849824819218
1164,0.735564515111
1165,0.78524688757
1166,0.64834427071
1167,0.714166269586
1168,0.797533443705
1169,0.752524669338
1170,0.457014601467
1171,0.714479404897
1172,0.560500266942
1173,0.386552221387
1174,0.736634905392
1175,0.670474756737
1176,0.739474308175
1177,0.549136090754
1178,0.776220836096
1179,0.697877121436
1180,0.863511273169
1181,0.80406617314
1182,0.753161986358
1183,0.614127534685
1184,0.700487428286
1185,0.76523615799
1186,0.712773176769
1187,0.742890731643
1188,0.845058256991
1189,0.230242355739
1190,0.703386913005
1191,0.777469610761
1192,0.686849650511
1193,0.669068922943
1194,0.791376851741
1195,0.852846131794
1196,0.540267211949
1197,0.515827536072
1198,0.611229329119
1199,0.804718667998
1200,0.615401315268
1201,0.237507253208
1202,0.754582698112
1203,0.829267985473
1204,0.536330215258
1205,0.767691339867
1206,0.546645380105
1207,0.767991494129
1208,0.715190815758
1209,0.81788996955
1210,0.214585468851
1211,0.639832575793
1212,0.675101534827
1213,0.76091098379
1214,0.742960276158
1215,0.685062782321
1216,0.64391418499
1217,0.462452880716
1218,0.56354415557
1219,0.533488689288
1220,0.785178843821
1221,0.749364313951
1222,0.798823944086
1223,0.758231842885
1224,0.787848187518
1225,0.826641662724
1226,0.703094246158
1227,0.531364405593
1228,0.80856109588
1229,0.595976783054
1230,0.81691887763
1231,0.530084391644
1232,0.538290946301
1233,0.789834337682
1234,0.740498540318
1235,0.761639897582
1236,0.292405875013
1237,0.657266629858
1238,0.557764209578
1239,0.664888485724
1240,0.75138311423
1241,0.774934766066
1242,0.736807790666
1243,0.636626002433
1244,0.750838732835
1245,0.781544491097
1246,0.338954025068
1247,0.541397963373
1248,0.800269801551
1249,0.830854500525
1250,0.858714100443
1251,0.791058899902
1252,0.87743226208
1253,0.773839820968
1254,0.306288094432
1255,0.467856105882
1256,0.838981594934
1257,0.822256009649
1258,0.629965010423
1259,0.756376868235
1260,0.381889244176
1261,0.652059579781
1262,0.591815552469
1263,0.748652692533
1264,0.701807836487
1265,0.709201930281
1266,0.776813886376
1267,0.731333169724
1268,0.595982104713
1269,0.76177815869
1270,0.789332025634
1271,0.777451707535
1272,0.578485893736
1273,0.748103195959
1274,0.6711846067
1275,0.431494492858
1276,0.775301406204
1277,0.786923326484
1278,0.787968033201
1279,0.681056370703
1280,0.820016475553
1281,0.796020796885
1282,0.728607125104
1283,0.854350425701
1284,0.868556000298
1285,0.802689961576
1286,0.796096397539
1287,0.818148101312
1288,0.766823106783
1289,0.624241439177
1290,0.803628872448
1291,0.798513002752
1292,0.634967807601
1293,0.773330555513
1294,0.71307580123
1295,0.746922499539
1296,0.808013901414
1297,0.386778946594
1298,0.779359615536
1299,0.792977661948
1300,0.701819930714
1301,0.654863907697
1302,0.761326285386
1303,0.673142639951
1304,0.761199218949
1305,0.788784620592
1306,0.745034447063
1307,0.725513045039
1308,0.818664321434
1309,0.747264966352
1310,0.790987943378
1311,0.692239195615
1312,0.851052361266
1313,0.259398097878
1314,0.756875944111
1315,0.799038658216
1316,0.639704455495
1317,0.69913635071
1318,0.578594936367
1319,0.77537098259
1320,0.711260953496
1321,0.541512759456
1322,0.655139563589
1323,0.757467117766
1324,0.645558189026
1325,0.779021751804
1326,0.158919068696
1327,0.693508953729
1328,0.675931154485
1329,0.693233225985
1330,0.765184331601
1331,0.613068342307
1332,0.556595896716
1333,0.55945729883
1334,0.795588748946
1335,0.774750756729
1336,0.414849109515
1337,0.81514441335
1338,0.828706584385
1339,0.794972670044
1340,0.640840393604
1341,0.574375764585
1342,0.824230215686
1343,0.858085851979
1344,0.390543348383
1345,0.707782815306
1346,0.0666298826081
1347,0.802279838484
1348,0.794583440514
1349,0.679089013132
1350,0.665412945967
1351,0.701788187382
1352,0.523539754378
1353,0.808989953044
1354,0.707367246774
1355,0.404634444989
1356,0.604657536787
1357,0.6325416217
1358,0.676573264719
1359,0.73987030814
1360,0.778118662311
1361,0.861026044518
1362,0.853650635437
1363,0.553620847162
1364,0.746083583811
1365,0.766039944184
1366,0.761346859272
1367,0.830945717642
1368,0.463243021617
1369,0.851226412245
1370,0.787277489185
1371,0.795470543901
1372,0.226604777912
1373,0.683362974625
1374,0.832619121836
1375,0.785344437927
1376,0.835743011248
1377,0.751730712213
1378,0.724248149897
1379,0.782137931315
1380,0.676541162274
1381,0.360725447515
1382,0.783314695661
1383,0.818798260096
1384,0.496364505242
1385,0.708163520294
1386,0.520380994981
1387,0.57493853504
1388,0.76395067861
1389,0.634790402365
1390,0.731930766488
1391,0.456015386674
1392,0.383169989558
1393,0.639374353338
1394,0.837559709609
1395,0.721626857373
1396,0.699288884165
1397,0.767851193352
1398,0.740193575773
1399,0.768976768563
1400,0.727808238547
1401,0.77905333975
1402,0.860809363144
1403,0.784548294697
1404,0.811252008974
1405,0.816651030963
1406,0.100213366707
1407,0.72413968624
1408,0.816052864479
1409,0.797264981695
1410,0.827639953367
1411,0.782888188107
1412,0.862379804804
1413,0.791180614862
1414,0.796174632706
1415,0.799790976045
1416,0.763784915804
1417,0.806738196221
1418,0.735642584967
1419,0.759645803314
1420,0.390225205845
1421,0.795804144701
1422,0.677285321011
1423,0.375683946733
1424,0.781748267632
1425,0.668999292487
1426,0.717826115822
1427,0.82098609964
1428,0.708754531989
1429,0.520070497512
1430,0.674546743736
1431,0.580310729903
1432,0.834207330531
1433,0.755369051575
1434,0.772687186323
1435,0.46425415658
1436,0.615445397984
1437,0.288555470972
1438,0.805625201369
1439,0.830499178766
1440,0.789931093305
1441,0.631756486267
1442,0.795024853371
1443,0.820753727289
1444,0.751330414152
1445,0.785989426306
1446,0.472266486374
1447,0.783081557693
1448,0.800749396056
1449,0.610141265281
1450,0.814085202616
1451,0.348905517054
1452,0.61485130933
1453,0.79800553356
1454,0.72546143622
1455,0.46657855027
1456,0.307237022683
1457,0.831480469752
1458,0.385589401255
1459,0.829123711641
1460,0.746590744735
1461,0.740871055528
1462,0.606559209585
1463,0.608774359473
1464,0.706579815194
1465,0.752772268085
1466,0.693921241386
1467,0.735807560498
1468,0.798005979274
1469,0.814050484402
1470,0.749923323346
1471,0.665591365575
1472,0.792560456331
1473,0.795808228101
1474,0.5901762531
1475,0.517884600595
1476,0.641011994473
1477,0.607657738558
1478,0.51877419274
1479,0.704412331403
1480,0.515414352984
1481,0.696394738922
1482,0.695256588203
1483,0.651268039381
1484,0.718196482467
1485,0.807848731191
1486,0.823237546108
1487,0.741216129344
1488,0.600447772846
1489,0.480462084352
1490,0.768933316415
1491,0.805722070734
1492,0.804665962502
1493,0.695510439014
1494,0.734935297415
1495,0.499637459021
1496,0.180067714785
1497,0.744447497627
1498,0.111737288347
1499,0.718109905388
1500,0.615101985412
1501,0.812895823322
1502,0.319155494682
1503,0.774232117931
1504,0.697108200425
1505,0.700420109172
1506,0.812069169589
1507,0.790232802852
1508,0.752763539591
1509,0.659530227589
1510,0.829946574326
1511,0.746664721322
1512,0.735747752948
1513,0.678446687596
1514,0.678606675801
1515,0.726077759025
1516,0.667074411001
1517,0.584823154257
1518,0.646511407971
1519,0.56832010186
1520,0.601755823267
1521,0.779506552781
1522,0.606225545071
1523,0.854885843018
1524,0.477839655182
1525,0.804380613059
1526,0.455961731618
1527,0.818800605593
1528,0.629890753215
1529,0.77716120239
1530,0.752097987614
1531,0.319062936403
1532,0.216455626775
1533,0.661699577349
1534,0.797865376111
1535,0.750698215799
1536,0.688758589938
1537,0.710981066385
1538,0.559557607088
1539,0.627398001935
1540,0.709358101426
1541,0.758633315471
1542,0.626785081654
1543,0.777717664058
1544,0.784487539214
1545,0.561934197966
1546,0.387572877771
1547,0.851771369553
1548,0.7851812631
1549,0.677662601422
1550,0.723272535648
1551,0.869357476071
1552,0.575444183956
1553,0.808496808527
1554,0.765221016571
1555,0.712504457567
1556,0.674271900891
1557,0.7957182348
1558,0.524670566009
1559,0.749387746053
1560,0.795437859108
1561,0.630908799033
1562,0.423590775043
1563,0.652704266218
1564,0.463898399341
1565,0.805201167449
1566,0.764766302234
1567,0.721880886387
1568,0.753125305436
1569,0.0874859585483
1570,0.591134459754
1571,0.783565335003
1572,0.705447073078
1573,0.746525448971
1574,0.589668228688
1575,0.798869949429
1576,0.425536959609
1577,0.809682169287
1578,0.729078347597
1579,0.747104551669
1580,0.736251996585
1581,0.270375156139
1582,0.355704812946
1583,0.530888639479
1584,0.750918991151
1585,0.820044837627
1586,0.770561405388
1587,0.779623130021
1588,0.837817353717
1589,0.764724323899
1590,0.822603788162
1591,0.697869679859
1592,0.815155253321
1593,0.710381453678
1594,0.435851059406
1595,0.705604423963
1596,0.423074830824
1597,0.73576139576
1598,0.817516071402
1599,0.839951045526
1600,0.542007831065
1601,0.487455854712
1602,0.606691677841
1603,0.552075087716
1604,0.54673244381
1605,0.813215677908
1606,0.207221613768
1607,0.603027808402
1608,0.757834628834
1609,0.693804216769
1610,0.877163263605
1611,0.824702146035
1612,0.644927578397
1613,0.667528550599
1614,0.844895526597
1615,0.742005668984
1616,0.67950672597
1617,0.769990401806
1618,0.700904868274
1619,0.723423916679
1620,0.787984313345
1621,0.841200810715
1622,0.491316450874
1623,0.782956725741
1624,0.745124392632
1625,0.747950479394
1626,0.701875640069
1627,0.752483696909
1628,0.596554757697
1629,0.769465612693
1630,0.790393568164
1631,0.704926415168
1632,0.846482835602
1633,0.641385268098
1634,0.655145346009
1635,0.748935136323
1636,0.318251150644
1637,0.556225772297
1638,0.65370403098
1639,0.536088969267
1640,0.788342256615
1641,0.677202883843
1642,0.756563790664
1643,0.807651401627
1644,0.760725097098
1645,0.682119097434
1646,0.562178819416
1647,0.361461940908
1648,0.702554918053
1649,0.736021601572
1650,0.727817404732
1651,0.695630129867
1652,0.7701327716
1653,0.540600310098
1654,0.852160427512
1655,0.828387070762
1656,0.784106517233
1657,0.728091146644
1658,0.836090325402
1659,0.737593803553
1660,0.666936620221
1661,0.786882392523
1662,0.709499167799
1663,0.848912057983
1664,0.791491817048
1665,0.651424087313
1666,0.846370991727
1667,0.642161937236
1668,0.795801540272
1669,0.77523983166
1670,0.652077968672
1671,0.770553620415
1672,0.48953833239
1673,0.677620302918
1674,0.55105694871
1675,0.720360526924
1676,0.51589991816
1677,0.400075279641
1678,0.568089496073
1679,0.752447912315
1680,0.607879163505
1681,0.472528350426
1682,0.555841574496
1683,0.521379284791
1684,0.802869028262
1685,0.78049182319
1686,0.651921707775
1687,0.658603615005
1688,0.780047441899
1689,0.779071903809
1690,0.718332274342
1691,0.602546318746
1692,0.656534765826
1693,0.782631614994
1694,0.748129599127
1695,0.764736701941
1696,0.822188146731
1697,0.695185621554
1698,0.612571100681
1699,0.701458100362
1700,0.648513484287
1701,0.643183465177
1702,0.81598573123
1703,0.744729150691
1704,0.565941524957
1705,0.701215532713
1706,0.769033492763
1707,0.812497892337
1708,0.546910047052
1709,0.741759590587
1710,0.435671522292
1711,0.76172446034
1712,0.235694326295
1713,0.720729591981
1714,0.820588036577
1715,0.624300693208
1716,0.716732354483
1717,0.494770051686
1718,0.424040299991
1719,0.684056400735
1720,0.749387296298
1721,0.834930113097
1722,0.723728620207
1723,0.892541444443
1724,0.817753729134
1725,0.515855519838
1726,0.614211387199
1727,0.69566026065
1728,0.593321892427
1729,0.841606417848
1730,0.539796785189
1731,0.579251077774
1732,0.658909058345
1733,0.173046937463
1734,0.629045944492
1735,0.62871007044
1736,0.760721046187
1737,0.467043476904
1738,0.696474928934
1739,0.453680241402
1740,0.694915417525
1741,0.6475864511
1742,0.747086825975
1743,0.731676197366
1744,0.501686411068
1745,0.689601931666
1746,0.823878706498
1747,0.65758788229
1748,0.782395906287
1749,0.751695993011
1750,0.505115095874
1751,0.742448140668
1752,0.622747615606
1753,0.547541836848
1754,0.658467146708
1755,0.614310197641
1756,0.803496834431
1757,0.661898017489
1758,0.534301894571
1759,0.763307454794
1760,0.77199472795
1761,0.624407837477
1762,0.741930496052
1763,0.833479733314
1764,0.801517375821
1765,0.737847439169
1766,0.800096347862
1767,0.785415168763
1768,0.713777851624
1769,0.582068415582
1770,0.694010348706
1771,0.753636585742
1772,0.734041753964
1773,0.522784041429
1774,0.678816474718
1775,0.622890286015
1776,0.709493331899
1777,0.409188050822
1778,0.782322674961
1779,0.566416033034
1780,0.759441253905
1781,0.587348528974
1782,0.764642732333
1783,0.670066023505
1784,0.631530779259
1785,0.620311627678
1786,0.861884405686
1787,0.684877324317
1788,0.694593391783
1789,0.74983710838
1790,0.68852830205
1791,0.789776684545
1792,0.787195576443
1793,0.741212487598
1794,0.687615469302
1795,0.808810502922
1796,0.646576783395
1797,0.782649165888
1798,0.610814417905
1799,0.700164130085
1800,0.77447030757
1801,0.776776813044
1802,0.812428793411
1803,0.37959973631
1804,0.768140405065
1805,0.796951069841
1806,0.795942424399
1807,0.74406562808
1808,0.793556642267
1809,0.726408465668
1810,0.332236656975
1811,0.816558880733
1812,0.698210178002
1813,0.807882764737
1814,0.768171576916
1815,0.800311608619
1816,0.542423341201
1817,0.68059854238
1818,0.684226468028
1819,0.510262603585
1820,0.356443127235
1821,0.62509436354
1822,0.785719502164
1823,0.363924897936
1824,0.680341768905
1825,0.667939725528
1826,0.633006926861
1827,0.655791873223
1828,0.768667116671
1829,0.633941851
1830,0.712411453506
1831,0.808741062425
1832,0.716855993071
1833,0.543878978742
1834,0.76606497605
1835,0.743742043982
1836,0.814758129358
1837,0.745580286382
1838,0.66600072601
1839,0.576950012852
1840,0.710430492849
1841,0.762981520632
1842,0.843362996983
1843,0.828396139679
1844,0.78878072742
1845,0.731043547589
1846,0.800216216629
1847,0.566803644056
1848,0.766192528558
1849,0.812945107532
1850,0.646089737003
1851,0.737316690356
1852,0.776089441848
1853,0.678670641438
1854,0.680198780987
1855,0.779756589866
1856,0.718498266252
1857,0.458493810074
1858,0.734892055783
1859,0.772623248216
1860,0.573737033068
1861,0.763177176761
1862,0.534350263036
1863,0.191569517627
1864,0.827050313155
1865,0.384763406052
1866,0.823025377356
1867,0.592773245892
1868,0.771398067961
1869,0.679256809181
1870,0.790844804879
1871,0.758771213774
1872,0.743303710608
1873,0.863160862189
1874,0.718229511934
1875,0.781692340002
1876,0.704786269999
1877,0.584865735613
1878,0.712255228489
1879,0.518469200124
1880,0.644422401462
1881,0.753259310153
1882,0.516194460959
1883,0.637054608471
1884,0.75184258921
1885,0.777005993433
1886,0.80080596208
1887,0.866196999508
1888,0.755325288087
1889,0.69970108262
1890,0.684967650583
1891,0.70626531598
1892,0.372695529687
1893,0.573065553658
1894,0.792676921394
1895,0.785610528255
1896,0.674974102878
1897,0.854495891573
1898,0.821865338718
1899,0.707443258591
1900,0.647781547909
1901,0.415998722823
1902,0.608416947203
1903,0.655570007292
1904,0.795294517307
1905,0.384968806673
1906,0.777950665347
1907,0.695519392472
1908,0.706786906241
1909,0.772415450475
1910,0.79379062451
1911,0.755824664963
1912,0.285443824098
1913,0.526434233142
1914,0.856726814368
1915,0.451164349344
1916,0.788573057189
1917,0.513750652729
1918,0.6835108133
1919,0.596107957728
1920,0.492719921478
1921,0.704238960237
1922,0.382269539535
1923,0.804369430069
1924,0.230082627398
1925,0.518777500073
1926,0.720214106648
1927,0.794506458619
1928,0.861757091861
1929,0.822821656321
1930,0.606931169244
1931,0.738289122754
1932,0.680904038413
1933,0.831860188442
1934,0.623041013728
1935,0.607087818062
1936,0.771402927449
1937,0.809004454852
1938,0.706928651887
1939,0.757548786378
1940,0.798544397012
1941,0.411467273813
1942,0.779509377119
1943,0.832450844173
1944,0.587306838
1945,0.527348321906
1946,0.84329567495
1947,0.836030977748
1948,0.536633999872
1949,0.70461273172
1950,0.760448575386
1951,0.82036920881
1952,0.768290483195
1953,0.854503756046
1954,0.756348407213
1955,0.661188432146
1956,0.774209269006
1957,0.732340078102
1958,0.720166165816
1959,0.803594496688
1960,0.362104060933
1961,0.745057361456
1962,0.750890186281
1963,0.529767645941
1964,0.739350357507
1965,0.395853990132
1966,0.600640553965
1967,0.699842107706
1968,0.717352665702
1969,0.549563078217
1970,0.801367604234
1971,0.848802832744
1972,0.697608611265
1973,0.732343716897
1974,0.742321577925
1975,0.469051194244
1976,0.737273079087
1977,0.414910623831
1978,0.73891944898
1979,0.766740887534
1980,0.605938760967
1981,0.753447364897
1982,0.691042134384
1983,0.767044444279
1984,0.722213022888
1985,0.743847437996
1986,0.68093939138
1987,0.702056441343
1988,0.78005050473
1989,0.700644749388
1990,0.677528048802
1991,0.80135727778
1992,0.618279777649
1993,0.238661510234
1994,0.684824114234
1995,0.758499268484
1996,0.420597767802
1997,0.19643662305
1998,0.708547402992
1999,0.417019414715
2000,0.805606128121
2001,0.597299851368
2002,0.820442437512
2003,0.819466116071
2004,0.673431233329
2005,0.805428967773
2006,0.799152347512
2007,0.640958404908
2008,0.792814677778
2009,0.702104365258
2010,0.658746911853
2011,0.591898222913
2012,0.76813381368
2013,0.821364594787
2014,0.829200462058
2015,0.74933088418
2016,0.7711378622
2017,0.641102194788
2018,0.747410133596
2019,0.290045238858
2020,0.584283376348
2021,0.74620805374
2022,0.758418178909
2023,0.751111539836
2024,0.565160070399
2025,0.7555669035
2026,0.690689324077
2027,0.681777267436
2028,0.800718372567
2029,0.621878849608
2030,0.629973034316
2031,0.687093733465
2032,0.675561782497
2033,0.812775784131
2034,0.750485891741
2035,0.628444999852
2036,0.740257095556
2037,0.784097731434
2038,0.590358136093
2039,0.602001871984
2040,0.813088758877
2041,0.701980980617
2042,0.760759120342
2043,0.779170262106
2044,0.439292963209
2045,0.678010514938
2046,0.271311733314
2047,0.648229515893
2048,0.723411230774
2049,0.571187181549
2050,0.549901142663
2051,0.356347756693
2052,0.638044588433
2053,0.813415204484
2054,0.814609836841
2055,0.748768733925
2056,0.737876699823
2057,0.464152755937
2058,0.595012761437
2059,0.741839972547
2060,0.713170539838
2061,0.831286913203
2062,0.780242826349
2063,0.744713092841
2064,0.733256911258
2065,0.258967825775
2066,0.761160892952
2067,0.715895107896
2068,0.808668542269
2069,0.476825586229
2070,0.787175888782
2071,0.829570346979
2072,0.662598702157
2073,0.568946744371
2074,0.825782039403
2075,0.678787114804
2076,0.702797068695
2077,0.740188964846
2078,0.613822776639
2079,0.721981759176
2080,0.741551849234
2081,0.723816564072
2082,0.737306562132
2083,0.744836042696
2084,0.672776218609
2085,0.713230199634
2086,0.695317460514
2087,0.687738929057
2088,0.769166235673
2089,0.347565895547
2090,0.835312015846
2091,0.808661944323
2092,0.829154684615
2093,0.667335933504
2094,0.786542670811
2095,0.792382543671
2096,0.767103499226
2097,0.763642969323
2098,0.525702024134
2099,0.632489440265
2100,0.646089427293
2101,0.734406902488
2102,0.822852081147
2103,0.826403351172
2104,0.733509456925
2105,0.666074454142
2106,0.751404033078
2107,0.778997247948
2108,0.743739984638
2109,0.626484349634
2110,0.851128402422
2111,0.75063672887
2112,0.543384391864
2113,0.789215661969
2114,0.750057130846
2115,0.627764471541
2116,0.736820238459
2117,0.66906167077
2118,0.76459840084
2119,0.856032202924
2120,0.684902046237
2121,0.78851536897
2122,0.823139003993
2123,0.762261900714
2124,0.694587404816
2125,0.740782305119
2126,0.765810080657
2127,0.774243191472
2128,0.610208118665
2129,0.397368158796
2130,0.789890536208
2131,0.63763164801
2132,0.679323924863
2133,0.769708916208
2134,0.647211572011
2135,0.756553187281
2136,0.805512362587
2137,0.786546074903
2138,0.767572623372
2139,0.752659480012
2140,0.739886992966
2141,0.748274235439
2142,0.405445696628
2143,0.662567560448
2144,0.616056995617
2145,0.731029643798
2146,0.782778912406
2147,0.726041289074
2148,0.668843866512
2149,0.845550627785
2150,0.683464600702
2151,0.804909107663
2152,0.803983091908
2153,0.703137751419
2154,0.886560630853
2155,0.749835981897
2156,0.653488906128
2157,0.126871219328
2158,0.453320861309
2159,0.769968269349
2160,0.761384759985
2161,0.85578468652
2162,0.694437380598
2163,0.766044689519
2164,0.221917838849
2165,0.724501478338
2166,0.716824547159
2167,0.629335471814
2168,0.773672164688
2169,0.807425610708
2170,0.643574461887
2171,0.805538082826
2172,0.788389857494
2173,0.597056086147
2174,0.830641124037
2175,0.466904794951
2176,0.400789486119
2177,0.756757808366
2178,0.533477210189
2179,0.728996544547
2180,0.804111783979
2181,0.800631286076
2182,0.541833423176
2183,0.611329057022
2184,0.651530922588
2185,0.583129352702
2186,0.693021540176
2187,0.714329753993
2188,0.71372965237
2189,0.63140652334
2190,0.669917811961
2191,0.665890993541
2192,0.701697070736
2193,0.832866166594
2194,0.806455302982
2195,0.744516020675
2196,0.761992075601
2197,0.859666748092
2198,0.759112215318
2199,0.792283607074
2200,0.743749461708
2201,0.696554908914
2202,0.609990555083
2203,0.763479428302
2204,0.768409292133
2205,0.811490739991
2206,0.680185162897
2207,0.514062947853
2208,0.816572233446
2209,0.631534112685
2210,0.510411874052
2211,0.677007929724
2212,0.883938224408
2213,0.555909391297
2214,0.783132974107
2215,0.858066432689
2216,0.698472793439
2217,0.547571982136
2218,0.645361819561
2219,0.759752358994
2220,0.80584755803
2221,0.77750660124
2222,0.643791446394
2223,0.814298933902
2224,0.713414790858
2225,0.689446714797
2226,0.270167113869
2227,0.711896282405
2228,0.851549711788
2229,0.779115903599
2230,0.765291767748
2231,0.468930158562
2232,0.756579613574
2233,0.710017765463
2234,0.673659751141
2235,0.379827888136
2236,0.79324352234
2237,0.807390374845
2238,0.395686344352
2239,0.85899251284
2240,0.714269456359
2241,0.740033785204
2242,0.7070500887
2243,0.742137540163
2244,0.829809583802
2245,0.694100155294
2246,0.585461070371
2247,0.814423086927
2248,0.831339628889
2249,0.657779071207
2250,0.567542750107
2251,0.701514277852
2252,0.519405890926
2253,0.758586491362
2254,0.743701508765
2255,0.75998167109
2256,0.851390502004
2257,0.707753641868
2258,0.803374250042
2259,0.844702209368
2260,0.7076449523
2261,0.736395992451
2262,0.7295921526
2263,0.774138894926
2264,0.777460653948
2265,0.788994341309
2266,0.772114131253
2267,0.665773205714
2268,0.739401712286
2269,0.671450063444
2270,0.669712849571
2271,0.621774223765
2272,0.714399336551
2273,0.663892332049
2274,0.824521844904
2275,0.621578392556
2276,0.764487428251
2277,0.814174774385
2278,0.761037137355
2279,0.726534799835
2280,0.670976770611
2281,0.728214360149
2282,0.768638727178
2283,0.7676609873
2284,0.824079590289
2285,0.766346499944
2286,0.766219086555
2287,0.603912783254
2288,0.867102498393
2289,0.816459942239
2290,0.615336465897
2291,0.596066513266
2292,0.672199521979
2293,0.690794032039
2294,0.792696273646
2295,0.863278549423
2296,0.536808325165
2297,0.706480660457
2298,0.759759603445
2299,0.701989615224
2300,0.858370593586
2301,0.770897365672
2302,0.665795122431
2303,0.775346169136
2304,0.75645179583
2305,0.782040074081
2306,0.469304416067
2307,0.859189841118
2308,0.826554886903
2309,0.448221298927
2310,0.781442233941
2311,0.842704336408
2312,0.808546167259
2313,0.790965148088
2314,0.851965272129
2315,0.830724399366
2316,0.865659516382
2317,0.706483018281
2318,0.601884723584
2319,0.715845398992
2320,0.730451599943
2321,0.595339345993
2322,0.764356434965
2323,0.610773451111
2324,0.707455335672
2325,0.696993224142
2326,0.813958152356
2327,0.804863396835
2328,0.797534880114
2329,0.740184096365
2330,0.763576959118
2331,0.639446305388
2332,0.825702865611
2333,0.082097114287
2334,0.733015634392
2335,0.898110531529
2336,0.748311363015
2337,0.701605006648
2338,0.732089362855
2339,0.671366931368
2340,0.322023548563
2341,0.669748356047
2342,0.840475462209
2343,0.665557464241
2344,0.772077292595
2345,0.662353859449
2346,0.789880429736
2347,0.805722918073
2348,0.736889928517
2349,0.54543909722
2350,0.614230364174
2351,0.523152216645
2352,0.488184259922
2353,0.72953772409
2354,0.706530202704
2355,0.849839918379
2356,0.611141176006
2357,0.799122710611
2358,0.626842860662
2359,0.697824046378
2360,0.817044837547
2361,0.834600256834
2362,0.806753693768
2363,0.535121910939
2364,0.591500195283
2365,0.752237626679
2366,0.779784810072
2367,0.833361155291
2368,0.755645325179
2369,0.857604303894
2370,0.657090488805
2371,0.490260804149
2372,0.771800600069
2373,0.701554440667
2374,0.776347753328
2375,0.72242890536
2376,0.827481437257
2377,0.783679125933
2378,0.659622689656
2379,0.637210363852
2380,0.720885297306
2381,0.789350670304
2382,0.761652111838
2383,0.690705484739
2384,0.819566420383
2385,0.802510526348
2386,0.376191279386
2387,0.617832574765
2388,0.658762869482
2389,0.742924979676
2390,0.801744536037
2391,0.777717479685
2392,0.843586800535
2393,0.618881242882
2394,0.872339346172
2395,0.65933634632
2396,0.80272321913
2397,0.565831244144
2398,0.755415191373
2399,0.495518466718
2400,0.750698108451
2401,0.810281575617
2402,0.382022773022
2403,0.521908179783
2404,0.729531697104
2405,0.790487163578
2406,0.730412975274
2407,0.825657300399
2408,0.589711898723
2409,0.798844170215
2410,0.588843582711
2411,0.800166046609
2412,0.715810585307
2413,0.792348684138
2414,0.756115247425
2415,0.767644264662
2416,0.61681082005
2417,0.787784962463
2418,0.614623393549
2419,0.725136807744
2420,0.759470976485
2421,0.719921623751
2422,0.570677816377
2423,0.692599776361
2424,0.566193063096
2425,0.716566511007
2426,0.72613383056
2427,0.728700777166
2428,0.528486891293
2429,0.67417661233
2430,0.739582840198
2431,0.744868289104
2432,0.764464677628
2433,0.752658548394
2434,0.740650050102
2435,0.721796096498
2436,0.731879701687
2437,0.398310122769
2438,0.744876008173
2439,0.774219582812
2440,0.499614695431
2441,0.821180678968
2442,0.714663647958
2443,0.151466078458
2444,0.650892855895
2445,0.88316367654
2446,0.713984029367
2447,0.616033031587
2448,0.573648511436
2449,0.377172615685
2450,0.133426318438
2451,0.827422371643
2452,0.816691277754
2453,0.412336852708
2454,0.649843092408
2455,0.764998641385
2456,0.807089459645
2457,0.796945902074
2458,0.808478832736
2459,0.840391827322
2460,0.655222234574
2461,0.7440201544
2462,0.734023903561
2463,0.773398786542
2464,0.805704702063
2465,0.734221724574
2466,0.72976742148
2467,0.728771761901
2468,0.792150918519
2469,0.744231307445
2470,0.711034226432
2471,0.694079203912
2472,0.781151779031
2473,0.847358559085
2474,0.666531747344
2475,0.766317720214
2476,0.716633858298
2477,0.513742097345
2478,0.490890330808
2479,0.271685636058
2480,0.69130374776
2481,0.703526045529
2482,0.712235945894
2483,0.704468993586
2484,0.58187330599
2485,0.519252287151
2486,0.712199840494
2487,0.674741154386
2488,0.772644053611
2489,0.566458026859
2490,0.681248677372
2491,0.726326157371
2492,0.660217079632
2493,0.782860208185
2494,0.338426144671
2495,0.799488548139
2496,0.779815406523
2497,0.686951756725
2498,0.639004042046
2499,0.630681298082
2500,0.693135398442
2501,0.762481365723
2502,0.231688095302
2503,0.778585744898
2504,0.46460577828
2505,0.670259577437
2506,0.778229187682
2507,0.525273607192
2508,0.734122582677
2509,0.72588684641
2510,0.58406760622
2511,0.592011857939
2512,0.787799860346
2513,0.78837948361
2514,0.754326669805
2515,0.677660022259
2516,0.690935629615
2517,0.292307219531
2518,0.729624799717
2519,0.410881417731
2520,0.815299841363
2521,0.743743594284
2522,0.62206091149
2523,0.756761248365
2524,0.803927649621
2525,0.818144133826
2526,0.645526389947
2527,0.48327681248
2528,0.644572021922
2529,0.705799883558
2530,0.497241400358
2531,0.408232804205
2532,0.706346539057
2533,0.862792633619
2534,0.810370757391
2535,0.813349504246
2536,0.766786311742
2537,0.655414492347
2538,0.530201295724
2539,0.880014046143
2540,0.630690147174
2541,0.787179448966
2542,0.581992366504
2543,0.786123560783
2544,0.514829614279
2545,0.845578947956
2546,0.525525631004
2547,0.86345758855
2548,0.782378773025
2549,0.523483179538
2550,0.823851690277
2551,0.684372431755
2552,0.614669867377
2553,0.7788863256
2554,0.799802297829
2555,0.75076859543
2556,0.692505842107
2557,0.669051375204
2558,0.649623696821
2559,0.767787298722
2560,0.864183806457
2561,0.785264492817
2562,0.837547905871
2563,0.611552020114
2564,0.788455753678
2565,0.60628881203
2566,0.756480361041
2567,0.482251348732
2568,0.520330331618
2569,0.74421564788
2570,0.699300277065
2571,0.837432817882
2572,0.817110698987
2573,0.840737075009
2574,0.419981765228
2575,0.736237874386
2576,0.725473845095
2577,0.699614834328
2578,0.739875036568
2579,0.695505632791
2580,0.757995771179
2581,0.760821509851
2582,0.804326519417
2583,0.692242727022
2584,0.710166481632
2585,0.54907418938
2586,0.680755823677
2587,0.663665106191
2588,0.767596387187
2589,0.827037174223
2590,0.7739465464
2591,0.314986654548
2592,0.818207985789
2593,0.814814034258
2594,0.812653906605
2595,0.718917734245
2596,0.816121385633
2597,0.776090661476
2598,0.55846184793
2599,0.645979622709
2600,0.736673213738
2601,0.781338944584
2602,0.767547539479
2603,0.741460098005
2604,0.274348143678
2605,0.466338944016
2606,0.751263578496
2607,0.358500225525
2608,0.789985948987
2609,0.423524564899
2610,0.792607414572
2611,0.826896876374
2612,0.608987097997
2613,0.755839258614
2614,0.752785360351
2615,0.709763947477
2616,0.524740094355
2617,0.749183034484
2618,0.745158215419
2619,0.834651152387
2620,0.6562438658
2621,0.751966276528
2622,0.757293023011
2623,0.673694351303
2624,0.756415448244
2625,0.755743619831
2626,0.800186086672
2627,0.791554068275
2628,0.48357568536
2629,0.779157959546
2630,0.865896607658
2631,0.763772087942
2632,0.850142912269
2633,0.801109890893
2634,0.669187020994
2635,0.573386055052
2636,0.764712636686
2637,0.568767380281
2638,0.81490908109
2639,0.524244857413
2640,0.700076715722
2641,0.743999496609
2642,0.272365435992
2643,0.66509785497
2644,0.189187088605
2645,0.688193796833
2646,0.725554303805
2647,0.628785766606
2648,0.497483611582
2649,0.845132977021
2650,0.736076930392
2651,0.833973805353
2652,0.734975013585
2653,0.710166059755
2654,0.767668031786
2655,0.305767279281
2656,0.76766271167
2657,0.687919590905
2658,0.718386067618
2659,0.674718056603
2660,0.731187254137
2661,0.785566533745
2662,0.673814563926
2663,0.57705703384
2664,0.621620473931
2665,0.101851610562
2666,0.553840909733
2667,0.760627761883
2668,0.550642274476
2669,0.78122375643
2670,0.690721674454
2671,0.810303421715
2672,0.602876202932
2673,0.817676964792
2674,0.81484859772
2675,0.706520324799
2676,0.828772464946
2677,0.788754308492
2678,0.866850837121
2679,0.457606939721
2680,0.591678591411
2681,0.763165157063
2682,0.736245060809
2683,0.778595245906
2684,0.75734510247
2685,0.829901278852
2686,0.83447769264
2687,0.727337142812
2688,0.732330467466
2689,0.834728889674
2690,0.599233530969
2691,0.748576854331
2692,0.435139247816
2693,0.780414990454
2694,0.6556207795
2695,0.6998414618
2696,0.826380402997
2697,0.768331766381
2698,0.180377021218
2699,0.363787622363
2700,0.85076491939
2701,0.669692830879
2702,0.706909712371
2703,0.413325819572
2704,0.800239513612
2705,0.438507679425
2706,0.717510928542
2707,0.333958835961
2708,0.798634675846
2709,0.793838283691
2710,0.668863748819
2711,0.788655432308
2712,0.719000955215
2713,0.609801864321
2714,0.710233403292
2715,0.742585253275
2716,0.833922204576
2717,0.759061833128
2718,0.800723790359
2719,0.806142114388
2720,0.732972579226
2721,0.715450518031
2722,0.768585200888
2723,0.513312887768
2724,0.799729798047
2725,0.731833812692
2726,0.716129969131
2727,0.722058048012
2728,0.787963788326
2729,0.207046820438
2730,0.757771474117
2731,0.7650120686
2732,0.818560935006
2733,0.804788295621
2734,0.654142190737
2735,0.578091539098
2736,0.720746938818
2737,0.733752700706
2738,0.783527972848
2739,0.649248313922
2740,0.799882380897
2741,0.835906179157
2742,0.678134230915
2743,0.349475238906
2744,0.620980721365
2745,0.645550695733
2746,0.728757983628
2747,0.455204111932
2748,0.701523635322
2749,0.804299185917
2750,0.719904962238
2751,0.76308582012
2752,0.607188591439
2753,0.78144995527
2754,0.709791974694
2755,0.559675024983
2756,0.430172410743
2757,0.618862668957
2758,0.710179135794
2759,0.560723252957
2760,0.72366198512
2761,0.586621453657
2762,0.854782293163
2763,0.797488149122
2764,0.663009262764
2765,0.71737902919
2766,0.8746432085
2767,0.812444946025
2768,0.562126131042
2769,0.410193552088
2770,0.263476693862
2771,0.8251633704
2772,0.782844823306
2773,0.738568372263
2774,0.79926426782
2775,0.793780228781
2776,0.753912062422
2777,0.795798657176
2778,0.760786303541
2779,0.779127335396
2780,0.708260007584
2781,0.721018129103
2782,0.818061808896
2783,0.731791431307
2784,0.582748879528
2785,0.757561427539
2786,0.214751631249
2787,0.31939148789
2788,0.534650539885
2789,0.68553748931
2790,0.585638518678
2791,0.583708258475
2792,0.742018768845
2793,0.726781480665
2794,0.58927069663
2795,0.36205438578
2796,0.766779792833
2797,0.806589572205
2798,0.78786977573
2799,0.84386341158
2800,0.442954437274
2801,0.509869385559
2802,0.793153450438
2803,0.732439364145
2804,0.74813174083
2805,0.385890507283
2806,0.471255342627
2807,0.690405385633
2808,0.631387054258
2809,0.294597226017
2810,0.651768198288
2811,0.815259666982
2812,0.700728556748
2813,0.828142924504
2814,0.777308661261
2815,0.680335355707
2816,0.837905885387
2817,0.577989299608
2818,0.455046853823
2819,0.82655102615
2820,0.610630594999
2821,0.790996947021
2822,0.734042916788
2823,0.598615217934
2824,0.797002131885
2825,0.785548083643
2826,0.741672953707
2827,0.737436772838
2828,0.845403399744
2829,0.778396791758
2830,0.548392726397
2831,0.559850626969
2832,0.690150523123
2833,0.717700506599
2834,0.487184533909
2835,0.647209247138
2836,0.775085911689
2837,0.341066996074
2838,0.659413130253
2839,0.457925069899
2840,0.540641227613
2841,0.684253300388
2842,0.434412862522
2843,0.777264063798
2844,0.825754381564
2845,0.713310353959
2846,0.777809261408
2847,0.765443036624
2848,0.300013528188
2849,0.806517493207
2850,0.530451258541
2851,0.8685464561
2852,0.816105591591
2853,0.868583049743
2854,0.642102512366
2855,0.367268935813
2856,0.741743681027
2857,0.837461630254
2858,0.873578139843
2859,0.762636501214
2860,0.703973299401
2861,0.832575138723
2862,0.503644962336
2863,0.696852630171
2864,0.84486419263
2865,0.820218044101
2866,0.496750159915
2867,0.618462455845
2868,0.764522155045
2869,0.78742704058
2870,0.758298477223
2871,0.607472084861
2872,0.806094819251
2873,0.826470391736
2874,0.571845959045
2875,0.798950224048
2876,0.425104000363
2877,0.752391385268
2878,0.769291468367
2879,0.483786826723
2880,0.729819574296
2881,0.812465165312
2882,0.822065414757
2883,0.710016351876
2884,0.776861062194
2885,0.771101186904
2886,0.839964329581
2887,0.821857884177
2888,0.648504386172
2889,0.735904980059
2890,0.680661538849
2891,0.869548097367
2892,0.761980553102
2893,0.780651832471
2894,0.779915249002
2895,0.622407791902
2896,0.813440348633
2897,0.676449982449
2898,0.630188844387
2899,0.801823846207
2900,0.45089317427
2901,0.443941030644
2902,0.773690011478
2903,0.698733419159
2904,0.344815949751
2905,0.15483801123
2906,0.451857181927
2907,0.511965940269
2908,0.851705482929
2909,0.719531818942
2910,0.637618211153
2911,0.784248419266
2912,0.721270373661
2913,0.743554663276
2914,0.796313566201
2915,0.72043318863
2916,0.749442396629
2917,0.487208521064
2918,0.754352333245
2919,0.799950955213
2920,0.802703593568
2921,0.644942958071
2922,0.43615305544
2923,0.498131203739
2924,0.765769801844
2925,0.600125526609
2926,0.771019877923
2927,0.723337464816
2928,0.656846838401
2929,0.80196377664
2930,0.539738605008
2931,0.396853739993
2932,0.698339126292
2933,0.855311967729
2934,0.805803714805
2935,0.600330792649
2936,0.445826273759
2937,0.812000729321
2938,0.667170920203
2939,0.660558905216
2940,0.502514914336
2941,0.798049572377
2942,0.3499223204
2943,0.761753970785
2944,0.678134323268
2945,0.761211432302
2946,0.79387724134
2947,0.704925315215
2948,0.720133127986
2949,0.680684354343
2950,0.802201814604
2951,0.706061426824
2952,0.719116886213
2953,0.863283136291
2954,0.629635977018
2955,0.749315075185
2956,0.792087248631
2957,0.325963155854
2958,0.443564390626
2959,0.742003448291
